{"_timestamp":1.768651092326779e+09,"_wandb":{"runtime":669},"_runtime":669,"_step":59,"iteration":60,"train_loss":0.8994491100311279}