{"val_accuracy":0.7325,"train_loss":0.7074642181396484,"val_loss":0.9780545592308044,"epoch":12,"_wandb":{"runtime":14177},"lr":4.75e-05,"train_accuracy":0.8875,"train_f1":0.8833469320782049,"val_f1":0.7280630681497374,"_timestamp":1.7688413784377909e+09,"_runtime":14177,"_step":263,"iteration":2400}