{"train_recall":0.75,"_timestamp":1.768795816141941e+09,"train_loss":0.6565951108932495,"train_precision":0.7367752828873566,"val_precision":0.6096848209163988,"val_f1":0.6107555686234717,"val_recall":0.61875,"val_accuracy":0.61875,"epoch":7,"train_f1":0.7342507213245065,"train_accuracy":0.75,"iteration":1600,"conf_mat_table":{"nrows":9,"artifact_path":"wandb-client-artifact://gyyqthlt57zq7ooiiop9ew29oodcf4jjb3djwbhn3zby7sbyupu0bsywuaf9rth1w0ntbpfvgxelzgx535yejlnm5o3wwfxt95n98izt3ghlkxmq575t5azvvkd5kfcu/conf_mat_table.table.json","log_mode":"IMMUTABLE","sha256":"3fdb7e17f3ff57b1d6aef02e3449ac22a7054ce6b71d6cf8a62c237924efeea2","ncols":3,"size":347,"_latest_artifact_path":"wandb-client-artifact://2ggqufbc5e0uqzb5pjhbib8azx8yz9cplk6n9omsekzbeoulhxwtp1ivwjp3hn5z0upqj39ln671xh6n3dnt4u0j64pn997zxd2wa4mhu306bur8bmvu5iij815q7hlk:latest/conf_mat_table.table.json","path":"media/table/conf_mat_table_1622_3fdb7e17f3ff57b1d6ae.table.json","_type":"table-file"},"val_loss":0.9044414895772934,"_runtime":4244,"_step":1623,"_wandb":{"runtime":4244}}