{"val_f1":0.7088793716854025,"lr":4.875e-05,"train_f1":0.921692499189499,"alpha_std":0.1764874330163002,"train_loss":0.6611300706863403,"_timestamp":1.7690811719214468e+09,"_runtime":9730,"_step":241,"alpha_mean":0.29861754715442657,"val_accuracy":0.7175,"epoch":11,"iteration":2200,"train_accuracy":0.9240625,"val_loss":0.8539986217021942,"_wandb":{"runtime":9730}}