{"_timestamp":1.7686344424829912e+09,"_step":2,"iteration":3,"_wandb":{"runtime":354},"_runtime":354,"train_loss":1.1109635829925537}