{"val_precision":0.7342963365229042,"train_recall":0.755625,"val_loss":0.6779854303598404,"_runtime":3166,"epoch":2,"val_recall":0.72,"val_f1":0.7093598319217436,"_wandb":{"runtime":3166},"iteration":615,"_step":620,"val_accuracy":0.72,"train_loss":0.6839152574539185,"train_precision":0.7428567781149832,"train_accuracy":0.755625,"_timestamp":1.76866320463243e+09,"train_f1":0.731739898827789}