{"lr":4.6250000000000006e-05,"val_loss":0.8407165658473968,"val_accuracy":0.74125,"alpha_mean":0.30559382945299146,"train_accuracy":0.974375,"iteration":2600,"epoch":13,"train_f1":0.9742180606418698,"_runtime":12860,"_timestamp":1.7690609980628211e+09,"_wandb":{"runtime":12860},"val_f1":0.7467966434382091,"alpha_std":0.2890549039840698,"_step":285,"train_loss":0.5564062595367432}