{"val_precision":0.7248246516849686,"_step":1615,"iteration":1600,"_wandb":{"runtime":2977},"train_precision":0.9691005445043018,"train_accuracy":0.969375,"train_loss":0.22156581282615662,"val_loss":0.9223262941837311,"val_accuracy":0.7225,"_timestamp":1.7686487541263418e+09,"epoch":7,"train_f1":0.9691886205198166,"val_f1":0.7221363681356385,"_runtime":2977,"train_recall":0.969375,"val_recall":0.7225}