{"val_loss":0.8465857255458832,"_wandb":{"runtime":9576},"train_accuracy":0.934375,"_runtime":9576,"iteration":2200,"_step":241,"val_f1":0.7020323429918416,"train_loss":0.5168635249137878,"lr":9.75e-05,"val_accuracy":0.725,"_timestamp":1.769353863002899e+09,"epoch":11,"train_f1":0.9329685411961228}