{"_timestamp":1.76950811710992e+09,"_step":1,"_wandb":{"runtime":142},"_runtime":142,"iteration":20,"train_loss":1.1555575132369995,"lr":5.000000000000001e-07}