{"_wandb":{"runtime":1062},"_step":1817,"_runtime":1062,"val_accuracy":0.6475,"_timestamp":1.768716437765661e+09,"train_f1":0.7998093644018965,"val_recall":0.6475,"train_accuracy":0.8121875,"train_loss":0.4225767254829407,"epoch":8,"iteration":1800,"train_precision":0.8037108967827183,"val_precision":0.6304428040382521,"val_f1":0.625782919467798,"val_loss":0.8560101467370987,"train_recall":0.8121875}