{"train_loss":0.23133216798305511,"val_loss":0.9339555829763413,"_timestamp":1.768714925601878e+09,"iteration":1400,"train_recall":0.896875,"val_recall":0.6925,"_step":1413,"epoch":6,"train_precision":0.8948552311834554,"_runtime":1901,"_wandb":{"runtime":1901},"val_f1":0.6898723549133701,"val_precision":0.6905202475644345,"val_accuracy":0.6925,"train_accuracy":0.896875,"train_f1":0.8952603509656696}