{"val_recall":0.71625,"iteration":1600,"_runtime":3043,"val_precision":0.7209776995075191,"train_precision":0.9250860253960858,"train_accuracy":0.9259375,"train_loss":0.47005629539489746,"_step":1623,"val_accuracy":0.71625,"val_loss":0.8165222769975662,"train_recall":0.9259375,"val_f1":0.7160793840804537,"_timestamp":1.768723582653056e+09,"epoch":7,"_wandb":{"runtime":3043},"train_f1":0.9253882084378909,"conf_mat_table":{"_type":"table-file","log_mode":"IMMUTABLE","ncols":3,"_latest_artifact_path":"wandb-client-artifact://kyiufn9us48826x4jbb4g89kpq5p9f1uydenlileujgkpfioxiwup7629oaerd3xh33ng5rejeggko2fnkwf08r1r4wwn8l85l65teqztww2oxs320q5qqeaqhar22ls:latest/conf_mat_table.table.json","artifact_path":"wandb-client-artifact://5mugol2i4jhy8o8uyz7clopbfr5rkzs9xaue7o29lz6fuvkgzqbzb7f2uiw2rny7owx5a1opr4tmg02aa37xhyog8aifmug29bh5o39zt8fhpx2r8j7p10b27wtrmlxy/conf_mat_table.table.json","size":346,"sha256":"c3f8937bf67957ab98f60d7b6fc3357bdead1023dc8ccdfced9ce94d69335367","path":"media/table/conf_mat_table_1622_c3f8937bf67957ab98f6.table.json","nrows":9}}