{"train_f1":0.9343675663816339,"train_loss":0.26856154203414917,"train_accuracy":0.935,"epoch":6,"_runtime":2522,"iteration":1400,"val_recall":0.72375,"train_recall":0.935,"val_precision":0.7208026902874326,"val_loss":0.7865046852827072,"val_f1":0.7193332002069164,"train_precision":0.9340031859273235,"_wandb":{"runtime":2522},"_step":1413,"_timestamp":1.768643210339329e+09,"val_accuracy":0.72375}