{"val_recall":0.73625,"_timestamp":1.7686669019148211e+09,"train_accuracy":0.9825,"val_f1":0.7293427185707482,"val_precision":0.7294777702105288,"train_f1":0.9824021191855522,"iteration":1800,"train_recall":0.9825,"val_loss":0.9870968612283468,"epoch":8,"_wandb":{"runtime":3533},"_step":1817,"_runtime":3533,"train_precision":0.9824085646088343,"val_accuracy":0.73625,"train_loss":0.018148601055145264}