{"val_f1":0.72678559320623,"_timestamp":1.768927141409197e+09,"train_loss":0.5587342977523804,"_runtime":8924,"train_accuracy":0.9603125,"_wandb":{"runtime":8924},"epoch":10,"train_f1":0.9600833302658881,"iteration":2000,"weight_image":0.8895119428634644,"_step":229,"val_accuracy":0.73625,"val_loss":0.845772430896759,"weight_text":0.377325177192688,"lr":5e-05}