{"val_accuracy":0.7275,"epoch":7,"val_loss":0.831198867559433,"train_f1":0.9569207084528333,"train_recall":0.9571875,"train_loss":0.2819799780845642,"val_recall":0.7275,"_runtime":4241,"_step":1615,"_wandb":{"runtime":4241},"iteration":1600,"_timestamp":1.7686388377251499e+09,"train_precision":0.9567662863012941,"val_f1":0.7247294031105507,"val_precision":0.7258896447530968,"train_accuracy":0.9571875}