{"val_accuracy":0.705,"alpha_mean":0.20800758719444276,"epoch":5,"_timestamp":1.76951770127306e+09,"train_loss":0.8782933950424194,"train_f1":0.7047628053941327,"_step":113,"_runtime":4881,"lr":2.6000000000000002e-05,"val_f1":0.6954261628943018,"alpha_std":0.03076640721410513,"train_accuracy":0.7240625,"val_loss":0.862054193019867,"iteration":1040,"_wandb":{"runtime":4881}}