{"_wandb":{"runtime":8517},"train_loss":0.33399698138237,"train_precision":0.9583677089437254,"val_loss":0.8471433103084565,"train_accuracy":0.9590625,"train_recall":0.9590625,"epoch":7,"_step":1623,"val_recall":0.765,"val_precision":0.7536493486777021,"_runtime":8517,"val_accuracy":0.765,"_timestamp":1.768814212710334e+09,"train_f1":0.9584474670167988,"conf_mat_table":{"nrows":9,"log_mode":"IMMUTABLE","size":346,"ncols":3,"_latest_artifact_path":"wandb-client-artifact://7e2tszp9bxdjosd52gut46q29y4gbqgmwyorn23b7rb18jlutj0j65tckcdu9lwvehxgaz483ih0bhv2zvivfznm3fpy1zp0rlwb3nvvpru4z0nbs7rfh8drzq6rttx2:latest/conf_mat_table.table.json","_type":"table-file","artifact_path":"wandb-client-artifact://f20boarg2qak2bgbtgwo6x1cmnuh3hsrinklost58uii51yujg4qj59av52orqknbxwvdnhe3jevc0zeuyxqlrw3elr41zamuq1rwh78847syg4pt02l307hvljdlace/conf_mat_table.table.json","path":"media/table/conf_mat_table_1622_fac4e906332659dde9d5.table.json","sha256":"fac4e906332659dde9d5643a8583ecb71d2b94e4952754eccc173837f8b99525"},"iteration":1600,"val_f1":0.7574827114751395}