{"val_accuracy":0.72,"val_loss":0.839867136478424,"epoch":8,"_wandb":{"runtime":4744},"val_f1":0.7106328082775942,"train_f1":0.8724975314095788,"_runtime":4744,"_step":1826,"val_recall":0.72,"_timestamp":1.768751099388597e+09,"train_accuracy":0.8753125,"val_precision":0.7062935486757337,"train_recall":0.8753125,"iteration":1800,"train_precision":0.8714333923639959,"conf_mat_table":{"size":346,"sha256":"7b30a233e2ce4bfb247ee6e09240a1bd9c8fe533ab232f479d04d9811aa62483","_latest_artifact_path":"wandb-client-artifact://0pwqnqdta0u7xdpr9m61yd9ojg7lkxq5az5447xug9fu3ivhmlctrkndsq5wnzns9bv9875tlbpjvagf4uoytc2p4o49fd6bvc6k8ppbmm1b7ifircc777jougopfe0y:latest/conf_mat_table.table.json","_type":"table-file","path":"media/table/conf_mat_table_1825_7b30a233e2ce4bfb247e.table.json","artifact_path":"wandb-client-artifact://reytsg68efyn63w0vltsquc4f3o5p0ltg94s5odm3vpufnz60q5yqkhuuxg1m5de2g5u7hv7rcfqvwupanc042yp80ee6dvj2jyvzdpzupfx4xhr0pnlhr91vu96c9ia/conf_mat_table.table.json","ncols":3,"log_mode":"IMMUTABLE","nrows":9},"train_loss":0.365085244178772}