{"_step":285,"train_accuracy":0.974375,"_runtime":14310,"val_f1":0.7467966434382091,"_wandb":{"runtime":14310},"_timestamp":1.769031232288139e+09,"train_f1":0.9742180606418698,"epoch":13,"lr":4.6250000000000006e-05,"val_accuracy":0.74125,"alpha_mean":0.30559382945299146,"alpha_std":0.2890549039840698,"iteration":2600,"val_loss":0.8407165658473968,"train_loss":0.5564062595367432}