{"_wandb":{"runtime":3622},"_timestamp":1.768704271115517e+09,"train_accuracy":0.8984375,"_step":2019,"epoch":9,"_runtime":3622,"train_recall":0.8984375,"val_accuracy":0.72125,"val_precision":0.727979420690946,"iteration":2000,"val_loss":0.8936392652988434,"train_f1":0.8943955835393912,"val_recall":0.72125,"train_precision":0.8948371360666016,"val_f1":0.7216408805315055,"train_loss":0.23100672662258148}