{"_wandb":{"runtime":10414},"_runtime":10414,"train_f1":0.9137141048712972,"alpha_std":0.11496138826012611,"_step":285,"train_loss":0.5640751719474792,"val_loss":1.0012736690044404,"val_accuracy":0.6975,"epoch":13,"val_f1":0.6970451266650504,"_timestamp":1.769182910781433e+09,"train_accuracy":0.914375,"lr":4.6250000000000006e-05,"alpha_mean":0.6147509646415711,"iteration":2600}