{"train_accuracy":0.938125,"train_recall":0.938125,"_timestamp":1.768744686008517e+09,"train_precision":0.9375970130325395,"_step":1623,"iteration":1600,"_runtime":3727,"val_recall":0.72625,"conf_mat_table":{"size":345,"path":"media/table/conf_mat_table_1622_0cc39cb969f3d30940ea.table.json","log_mode":"IMMUTABLE","sha256":"0cc39cb969f3d30940ea0aba10d7fcf1731223658e85c7cb45d14062a6b7366e","_latest_artifact_path":"wandb-client-artifact://ekejfkr619524ns5vzehfhi073hsxhkftsabi17dithth89z9f8o433nol1iuf7djz92x4uuqux1uftl0rz1jgq323eckb2f634oxbe6usu1gtcg3bs57imu5pq8qqvy:latest/conf_mat_table.table.json","ncols":3,"nrows":9,"artifact_path":"wandb-client-artifact://fbn80a92jq9075ipyb1zv9hdth54yhb07kzn9hnkvvhaswm8h0kzbb0fav195p4lu58wqhqa21bua5owawp7nkrn1jzxc02pjkievwo1petdsl89r0xcinc7a80v6ffx/conf_mat_table.table.json","_type":"table-file"},"val_loss":0.8297303420305252,"epoch":7,"val_precision":0.7120762350709868,"train_f1":0.9377194537471971,"val_f1":0.7148343611371446,"_wandb":{"runtime":3727},"val_accuracy":0.72625,"train_loss":0.10729637742042542}