{"_step":127,"iteration":128,"_wandb":{"runtime":615},"_runtime":615,"train_loss":0.8347383737564087,"_timestamp":1.768650354519007e+09}