{"val_loss":0.8416359972953796,"_step":285,"alpha_std":0.2731523285806179,"alpha_mean":0.33718256890773773,"_runtime":10559,"train_accuracy":0.9403125,"lr":4.6250000000000006e-05,"val_f1":0.7398824443075995,"iteration":2600,"_timestamp":1.769015873216609e+09,"train_f1":0.9396379021523468,"train_loss":0.5970194339752197,"epoch":13,"_wandb":{"runtime":10559},"val_accuracy":0.74}