{"val_f1":0.7242447326644654,"weight_image":0.5040042400360107,"_timestamp":1.768917569356958e+09,"train_f1":0.7886094704838033,"val_loss":0.8140258586406708,"weight_text":0.5027061700820923,"_runtime":5075,"val_accuracy":0.74375,"train_loss":0.6158897876739502,"lr":2.6750000000000003e-05,"_step":121,"iteration":1070,"_wandb":{"runtime":5075},"epoch":5,"train_accuracy":0.8040625}