{"iteration":2600,"_runtime":14682,"alpha_std":0.2890549039840698,"train_f1":0.9742180606418698,"epoch":13,"_wandb":{"runtime":14682},"_timestamp":1.7690031183647912e+09,"_step":285,"val_f1":0.7467966434382091,"alpha_mean":0.30559382945299146,"train_accuracy":0.974375,"val_loss":0.8407165658473968,"train_loss":0.5564062595367432,"val_accuracy":0.74125,"lr":4.6250000000000006e-05}