{"train_loss":1.107178807258606,"lr":3e-06,"_timestamp":1.769344082062921e+09,"_step":5,"_wandb":{"runtime":484},"_runtime":484,"iteration":60}