{"val_recall":0.74625,"val_accuracy":0.74625,"train_f1":0.9538386168923233,"train_recall":0.9540625,"_timestamp":1.7685593103863192e+09,"epoch":11,"_wandb":{"runtime":4816},"_runtime":4816,"train_accuracy":0.9540625,"_step":2423,"val_precision":0.7439496166125824,"train_precision":0.953711228098389,"iteration":2400,"val_f1":0.7444258027498458,"val_loss":0.7662915641069412,"train_loss":0.13607044517993927}