{"train_accuracy":0.94,"_runtime":2679,"train_loss":0.11627691984176636,"val_accuracy":0.7425,"_wandb":{"runtime":2679},"epoch":6,"val_precision":0.7405276405914691,"_timestamp":1.768730815418016e+09,"val_f1":0.7401362561582079,"train_recall":0.94,"train_f1":0.9394410680144452,"val_recall":0.7425,"iteration":1400,"conf_mat_table":{"nrows":9,"_type":"table-file","ncols":3,"sha256":"4b52e666fa170fc27879360c3e0bc6ea92cd8044fee0885750c7ebeecdd49881","path":"media/table/conf_mat_table_1419_4b52e666fa170fc27879.table.json","_latest_artifact_path":"wandb-client-artifact://m28yr5a9hcici9orpej6rajsu7zwk96bkw7butkoy7svzqqbk5tjfod47rx1yk3abqwil3pfmsmri5vo3ghn09yfh7hxyv24z9lxilmsvrgpymefbb91wjmt9o92705j:latest/conf_mat_table.table.json","size":345,"log_mode":"IMMUTABLE","artifact_path":"wandb-client-artifact://sc20b73l4iuvy7rv1vw84p898asxriythcf8o9u6r7m6jmcs6znpi4wbmlce1kkq283is5wxt2ujxeq6o92otpdogzg19cbcn7pdon7y7iq2iuikkwdbqd0scwgyynbl/conf_mat_table.table.json"},"_step":1420,"train_precision":0.9392966232679192,"val_loss":0.7596471744775772}