{"_runtime":2927,"train_precision":0.9476902641251758,"_step":1420,"train_accuracy":0.9478125,"val_accuracy":0.70875,"conf_mat_table":{"_latest_artifact_path":"wandb-client-artifact://f373k4odasf8on4t3iyx18iw7urgk9823xhwwo3ebflszkaq1v0ktfqioqw47btis7xwpyrfv6uouslk90xyytqsxuuddo1a7vm6me0dabi9262i8bk34jn9g141fj6x:latest/conf_mat_table.table.json","artifact_path":"wandb-client-artifact://i6zxa2g90zmtyvzyl59qvqhbf5e98sm6can0suf1xwf1klx16sy9blb8h723wesxrvij2pnxa75274wjs89t2ryw8tmd9xhxtqyt9vi73mqvvvx8sv8ypjw6hbosvcdm/conf_mat_table.table.json","path":"media/table/conf_mat_table_1419_9a9ccf6730c20c3e6a49.table.json","log_mode":"IMMUTABLE","nrows":9,"ncols":3,"sha256":"9a9ccf6730c20c3e6a4926a8e7824a29f69b096e8642528e7bdafae238c82a4f","_type":"table-file","size":346},"val_f1":0.7014497079932451,"train_loss":0.20635905861854553,"val_precision":0.6982667253026178,"val_loss":0.9057787039875984,"iteration":1400,"_timestamp":1.768737583918248e+09,"_wandb":{"runtime":2927},"val_recall":0.70875,"epoch":6,"train_f1":0.9477470358837045,"train_recall":0.9478125}